-- MySQL dump 10.13  Distrib 5.7.16, for Linux (x86_64)
--
-- Host: localhost    Database: homestead
-- ------------------------------------------------------
-- Server version	5.7.16-0ubuntu0.16.04.1

/*!40101 SET @OLD_CHARACTER_SET_CLIENT=@@CHARACTER_SET_CLIENT */;
/*!40101 SET @OLD_CHARACTER_SET_RESULTS=@@CHARACTER_SET_RESULTS */;
/*!40101 SET @OLD_COLLATION_CONNECTION=@@COLLATION_CONNECTION */;
/*!40101 SET NAMES utf8 */;
/*!40103 SET @OLD_TIME_ZONE=@@TIME_ZONE */;
/*!40103 SET TIME_ZONE='+00:00' */;
/*!40014 SET @OLD_UNIQUE_CHECKS=@@UNIQUE_CHECKS, UNIQUE_CHECKS=0 */;
/*!40014 SET @OLD_FOREIGN_KEY_CHECKS=@@FOREIGN_KEY_CHECKS, FOREIGN_KEY_CHECKS=0 */;
/*!40101 SET @OLD_SQL_MODE=@@SQL_MODE, SQL_MODE='NO_AUTO_VALUE_ON_ZERO' */;
/*!40111 SET @OLD_SQL_NOTES=@@SQL_NOTES, SQL_NOTES=0 */;

--
-- Table structure for table `locations`
--

DROP TABLE IF EXISTS `locations`;
/*!40101 SET @saved_cs_client     = @@character_set_client */;
/*!40101 SET character_set_client = utf8 */;
CREATE TABLE `locations` (
  `id` int(10) unsigned NOT NULL AUTO_INCREMENT,
  `name` varchar(255) COLLATE utf8_unicode_ci NOT NULL,
  `created_at` timestamp NULL DEFAULT NULL,
  `updated_at` timestamp NULL DEFAULT NULL,
  PRIMARY KEY (`id`)
) ENGINE=InnoDB AUTO_INCREMENT=18 DEFAULT CHARSET=utf8 COLLATE=utf8_unicode_ci;
/*!40101 SET character_set_client = @saved_cs_client */;

--
-- Dumping data for table `locations`
--

LOCK TABLES `locations` WRITE;
/*!40000 ALTER TABLE `locations` DISABLE KEYS */;
INSERT INTO `locations` VALUES (1,'London','2017-03-14 17:12:07','2017-03-14 17:12:07'),(2,'Birmingham','2017-03-14 17:12:07','2017-03-14 17:12:07'),(3,'Brighton','2017-03-14 17:12:07','2017-03-14 17:12:07'),(4,'Bristol','2017-03-14 17:12:07','2017-03-14 17:12:07'),(5,'Cambridge','2017-03-14 17:12:07','2017-03-14 17:12:07'),(6,'Cardiff','2017-03-14 17:12:07','2017-03-14 17:12:07'),(7,'Exeter','2017-03-14 17:12:07','2017-03-14 17:12:07'),(8,'Leeds','2017-03-14 17:12:07','2017-03-14 17:12:07'),(9,'Leicester','2017-03-14 17:12:07','2017-03-14 17:12:07'),(10,'Liverpool','2017-03-14 17:12:07','2017-03-14 17:12:07'),(11,'Manchester','2017-03-14 17:12:07','2017-03-14 17:12:07'),(12,'Newcastle','2017-03-14 17:12:07','2017-03-14 17:12:07'),(13,'Nottingham','2017-03-14 17:12:07','2017-03-14 17:12:07'),(14,'Plymouth','2017-03-14 17:12:07','2017-03-14 17:12:07'),(15,'Portsmouth','2017-03-14 17:12:07','2017-03-14 17:12:07'),(16,'Sheffield','2017-03-14 17:12:07','2017-03-14 17:12:07'),(17,'Southampton','2017-03-14 17:12:07','2017-03-14 17:12:07');
/*!40000 ALTER TABLE `locations` ENABLE KEYS */;
UNLOCK TABLES;

--
-- Table structure for table `law_firm_band_location`
--

DROP TABLE IF EXISTS `law_firm_band_location`;
/*!40101 SET @saved_cs_client     = @@character_set_client */;
/*!40101 SET character_set_client = utf8 */;
CREATE TABLE `law_firm_band_location` (
  `law_firm_band_id` int(10) unsigned NOT NULL,
  `location_id` int(10) unsigned NOT NULL,
  PRIMARY KEY (`location_id`,`law_firm_band_id`),
  KEY `law_firm_band_location_law_firm_band_id_index` (`law_firm_band_id`),
  KEY `law_firm_band_location_location_id_index` (`location_id`)
) ENGINE=InnoDB DEFAULT CHARSET=utf8 COLLATE=utf8_unicode_ci;
/*!40101 SET character_set_client = @saved_cs_client */;

--
-- Dumping data for table `law_firm_band_location`
--

LOCK TABLES `law_firm_band_location` WRITE;
/*!40000 ALTER TABLE `law_firm_band_location` DISABLE KEYS */;
INSERT INTO `law_firm_band_location` VALUES (1,1),(2,1),(3,1),(4,1),(5,1),(6,1),(7,1),(8,1),(9,1),(10,1),(11,1),(12,1),(13,1),(14,1),(15,1),(16,1),(17,1),(18,1),(19,1),(20,1),(21,1),(22,1),(23,1),(24,1),(25,1),(26,1),(27,1),(28,1),(29,1),(30,1),(31,1),(32,1),(33,1),(34,1),(35,1),(36,1),(37,1),(38,1),(39,1),(40,1),(41,1),(42,1),(43,1),(44,1),(45,1),(46,1),(47,1),(48,1),(49,1),(50,1),(51,1),(52,1),(53,1),(54,1),(55,1),(56,1),(57,1),(58,1),(59,1),(60,1),(61,1),(62,1),(63,1),(64,1),(65,1),(66,1),(67,1),(68,1),(69,1),(70,1),(71,1),(72,1),(73,1),(74,1),(75,1),(76,1),(77,1),(78,1),(79,1),(80,1),(81,1),(82,1),(83,1),(84,1),(85,1),(86,1),(87,1),(88,1),(89,1),(90,1),(91,1),(92,1),(93,1),(94,1),(95,1),(96,1),(97,1),(98,1),(99,1),(100,1),(101,1),(102,1),(103,1),(104,1),(105,1),(106,1),(107,1),(108,1),(109,1),(110,1),(111,1),(112,1),(113,1),(114,1),(115,1),(116,1),(117,1),(118,1),(119,1),(120,1),(121,1),(122,1),(123,1),(124,1),(125,1),(126,1),(127,1),(128,1),(129,1),(130,1),(131,1),(132,1),(133,1),(134,1),(135,1),(138,2),(138,3),(138,4),(138,5),(138,6),(138,7),(138,8),(138,9),(138,10),(138,11),(138,12),(138,13),(138,14),(138,15),(138,16),(138,17),(139,2),(139,4),(139,5),(139,6),(139,7),(139,8),(139,9),(139,10),(139,11),(139,12),(139,13),(139,14),(139,15),(139,16),(139,17),(140,5),(141,9),(141,13),(142,12),(143,10),(143,11),(144,3),(144,15),(144,17),(145,4),(145,7),(145,14),(146,6),(147,2),(148,8),(148,16);
/*!40000 ALTER TABLE `law_firm_band_location` ENABLE KEYS */;
UNLOCK TABLES;

--
-- Table structure for table `law_firm_bands`
--

DROP TABLE IF EXISTS `law_firm_bands`;
/*!40101 SET @saved_cs_client     = @@character_set_client */;
/*!40101 SET character_set_client = utf8 */;
CREATE TABLE `law_firm_bands` (
  `id` int(10) unsigned NOT NULL AUTO_INCREMENT,
  `name` varchar(255) COLLATE utf8_unicode_ci NOT NULL,
  `parent_id` int(10) unsigned DEFAULT NULL,
  `created_at` timestamp NULL DEFAULT NULL,
  `updated_at` timestamp NULL DEFAULT NULL,
  `is_option` tinyint(1) NOT NULL,
  `order` int(11) NOT NULL DEFAULT '0',
  `rank` int(11) NOT NULL DEFAULT '0',
  PRIMARY KEY (`id`)
) ENGINE=InnoDB AUTO_INCREMENT=149 DEFAULT CHARSET=utf8 COLLATE=utf8_unicode_ci;
/*!40101 SET character_set_client = @saved_cs_client */;

--
-- Dumping data for table `law_firm_bands`
--

LOCK TABLES `law_firm_bands` WRITE;
/*!40000 ALTER TABLE `law_firm_bands` DISABLE KEYS */;
INSERT INTO `law_firm_bands` VALUES (1,'All Law Firms',NULL,'2016-10-25 09:42:53','2016-10-25 09:42:53',0,1,1),(2,'Magic Circle',NULL,'2016-10-25 09:42:53','2016-10-25 09:42:53',0,2,150),(3,'Silver Circle',NULL,'2016-10-25 09:42:53','2016-10-25 09:42:53',0,3,149),(4,'Top 20 US Firms',NULL,'2016-10-25 09:42:53','2016-10-25 09:42:53',0,4,146),(5,'Top 50 UK Firms',NULL,'2016-10-25 09:42:53','2016-10-25 09:42:53',0,5,148),(6,'Top 100 UK Firms',NULL,'2016-10-25 09:42:53','2016-10-25 09:42:53',0,6,147),(7,'All US Firms',NULL,'2016-10-25 09:42:53','2016-10-25 09:42:53',0,7,145),(8,'Top Ranked for Corporate & Commercial',NULL,'2016-10-25 09:42:53','2016-10-25 09:42:53',0,8,0),(9,'Top Ranked for Commercial Contracts',8,'2016-10-25 09:42:53','2016-10-25 09:42:53',0,9,0),(10,'Top Ranked for Corporate Tax',8,'2016-10-25 09:42:53','2016-10-25 09:42:53',0,10,0),(11,'Top Ranked for EU & Competition',8,'2016-10-25 09:42:53','2016-10-25 09:42:53',0,11,0),(12,'Top Ranked for Equity Capital Markets',8,'2016-10-25 09:42:53','2016-10-25 09:42:53',0,12,0),(13,'Top Ranked for Financial Services (Contentious)',8,'2016-10-25 09:42:53','2016-10-25 09:42:53',0,13,0),(14,'Top Ranked for Financial Services (Regulatory)',8,'2016-10-25 09:42:53','2016-10-25 09:42:53',0,14,0),(15,'Top Ranked for Flotations: Small & Mid-Cap',8,'2016-10-25 09:42:53','2016-10-25 09:42:53',0,15,0),(16,'Top Ranked for Investment: Hedge Funds',8,'2016-10-25 09:42:53','2016-10-25 09:42:53',0,16,0),(17,'Top Ranked for Investment: Listed Funds',8,'2016-10-25 09:42:53','2016-10-25 09:42:53',0,17,0),(18,'Top Ranked for Investment: Private Funds',8,'2016-10-25 09:42:53','2016-10-25 09:42:53',0,18,0),(19,'Top Ranked for Investment: Real Estate Funds',8,'2016-10-25 09:42:53','2016-10-25 09:42:53',0,19,0),(20,'Top Ranked for Investment: Retail Funds',8,'2016-10-25 09:42:53','2016-10-25 09:42:53',0,20,0),(21,'Top Ranked for M&A £250m+',8,'2016-10-25 09:42:53','2016-10-25 09:42:53',0,21,0),(22,'Top Ranked for M&A £50m-£250m',8,'2016-10-25 09:42:53','2016-10-25 09:42:53',0,22,0),(23,'Top Ranked for M&A up to £50m',8,'2016-10-25 09:42:53','2016-10-25 09:42:53',0,23,0),(24,'Top Ranked for Partnership',8,'2016-10-25 09:42:53','2016-10-25 09:42:53',0,24,0),(25,'Top Ranked for Private Equity: Mid-Cap',8,'2016-10-25 09:42:53','2016-10-25 09:42:53',0,25,0),(26,'Top Ranked for Private Equity: Large-Cap',8,'2016-10-25 09:42:53','2016-10-25 09:42:53',0,26,0),(27,'Top Ranked for VAT & Indirect Tax',8,'2016-10-25 09:42:53','2016-10-25 09:42:53',0,27,0),(28,'Top Ranked for Venture Capital',8,'2016-10-25 09:42:53','2016-10-25 09:42:53',0,28,0),(29,'Top Ranked for Crime Fraud & Licensing',NULL,'2016-10-25 09:42:53','2016-10-25 09:42:53',0,29,0),(30,'Top Ranked for Corporate Crime',29,'2016-10-25 09:42:53','2016-10-25 09:42:53',0,30,0),(31,'Top Ranked for Crime: General',29,'2016-10-25 09:42:53','2016-10-25 09:42:53',0,31,0),(32,'Top Ranked for Fraud: Civil',29,'2016-10-25 09:42:53','2016-10-25 09:42:53',0,32,0),(33,'Top Ranked for Fraud: White-Collar Crime',29,'2016-10-25 09:42:53','2016-10-25 09:42:53',0,33,0),(34,'Top Ranked for Gaming & Betting',29,'2016-10-25 09:42:53','2016-10-25 09:42:53',0,34,0),(35,'Top Ranked for Licensing',29,'2016-10-25 09:42:53','2016-10-25 09:42:53',0,35,0),(36,'Top Ranked for Dispute Resolution',NULL,'2016-10-25 09:42:53','2016-10-25 09:42:53',0,36,0),(37,'Top Ranked for Banking Litigation',36,'2016-10-25 09:42:53','2016-10-25 09:42:53',0,37,0),(38,'Top Ranked for Commercial Litigation',36,'2016-10-25 09:42:53','2016-10-25 09:42:53',0,38,0),(39,'Top Ranked for Competition Litigation',36,'2016-10-25 09:42:53','2016-10-25 09:42:53',0,39,0),(40,'Top Ranked for Debt Recovery',36,'2016-10-25 09:42:53','2016-10-25 09:42:53',0,40,0),(41,'Top Ranked for International Arbitration',36,'2016-10-25 09:42:53','2016-10-25 09:42:53',0,41,0),(42,'Top Ranked for Reputation Management',36,'2016-10-25 09:42:53','2016-10-25 09:42:53',0,42,0),(43,'Top Ranked for Professional Discipline',36,'2016-10-25 09:42:53','2016-10-25 09:42:53',0,43,0),(44,'Top Ranked for Public International Law',36,'2016-10-25 09:42:53','2016-10-25 09:42:53',0,44,0),(45,'Top Ranked for Tax Litigation & Investigations',36,'2016-10-25 09:42:53','2016-10-25 09:42:53',0,45,0),(46,'Top Ranked for Finance ',NULL,'2016-10-25 09:42:53','2016-10-25 09:42:53',0,46,0),(47,'Top Ranked for Acquisition Finance',46,'2016-10-25 09:42:53','2016-10-25 09:42:53',0,47,0),(48,'Top Ranked for Asset-based Lending',46,'2016-10-25 09:42:53','2016-10-25 09:42:53',0,48,0),(49,'Top Ranked for Asset Finance & Leasing',46,'2016-10-25 09:42:53','2016-10-25 09:42:53',0,49,0),(50,'Top Ranked for Bank Lending',46,'2016-10-25 09:42:53','2016-10-25 09:42:53',0,50,0),(51,'Top Ranked for Commodities: Derivatives',46,'2016-10-25 09:42:53','2016-10-25 09:42:53',0,51,0),(52,'Top Ranked for Commodities: Physicals',46,'2016-10-25 09:42:53','2016-10-25 09:42:53',0,52,0),(53,'Top Ranked for Corporate Restructuring & Insolvency',46,'2016-10-25 09:42:53','2016-10-25 09:42:53',0,53,0),(54,'Top Ranked for Debt Capital Markets',46,'2016-10-25 09:42:53','2016-10-25 09:42:53',0,54,0),(55,'Top Ranked for Derivatives & Structured Products',46,'2016-10-25 09:42:53','2016-10-25 09:42:53',0,55,0),(56,'Top Ranked for Emerging Markets',46,'2016-10-25 09:42:53','2016-10-25 09:42:53',0,56,0),(57,'Top Ranked for High Yield',46,'2016-10-25 09:42:53','2016-10-25 09:42:53',0,57,0),(58,'Top Ranked for Islamic Finance',46,'2016-10-25 09:42:53','2016-10-25 09:42:53',0,58,0),(59,'Top Ranked for Securitisation',46,'2016-10-25 09:42:53','2016-10-25 09:42:53',0,59,0),(60,'Top Ranked for Trade Finance',46,'2016-10-25 09:42:53','2016-10-25 09:42:53',0,60,0),(61,'Top Ranked for Human Resources',NULL,'2016-10-25 09:42:53','2016-10-25 09:42:53',0,61,0),(62,'Top Ranked for Employee Share Schemes',61,'2016-10-25 09:42:53','2016-10-25 09:42:53',0,62,0),(63,'Top Ranked for Employment: Employers',61,'2016-10-25 09:42:53','2016-10-25 09:42:53',0,63,0),(64,'Top Ranked for Employment: Senior Executives',61,'2016-10-25 09:42:53','2016-10-25 09:42:53',0,64,0),(65,'Top Ranked for Employment: Employees/Unions',61,'2016-10-25 09:42:53','2016-10-25 09:42:53',0,65,0),(66,'Top Ranked for Health & Safety',61,'2016-10-25 09:42:53','2016-10-25 09:42:53',0,66,0),(67,'Top Ranked for Immigration (Corporate)',61,'2016-10-25 09:42:53','2016-10-25 09:42:53',0,67,0),(68,'Top Ranked for Immigration (Human Rights)',61,'2016-10-25 09:42:53','2016-10-25 09:42:53',0,68,0),(69,'Top Ranked for Pensions (Litigation)',61,'2016-10-25 09:42:53','2016-10-25 09:42:53',0,69,0),(70,'Top Ranked for Pensions (Non-Contentious)',61,'2016-10-25 09:42:53','2016-10-25 09:42:53',0,70,0),(71,'Top Ranked for Insurance ',NULL,'2016-10-25 09:42:53','2016-10-25 09:42:53',0,71,0),(72,'Top Ranked for Clinical Negligence: Claimant',71,'2016-10-25 09:42:53','2016-10-25 09:42:53',0,72,0),(73,'Top Ranked for Clinical Negligence: Defendant',71,'2016-10-25 09:42:53','2016-10-25 09:42:53',0,73,0),(74,'Top Ranked for Insurance: Corporate & Regulatory',71,'2016-10-25 09:42:53','2016-10-25 09:42:53',0,74,0),(75,'Top Ranked for Insurance: Insolvency & Restructuring',71,'2016-10-25 09:42:53','2016-10-25 09:42:53',0,75,0),(76,'Top Ranked for Insurance Litigation: Policyholders',71,'2016-10-25 09:42:53','2016-10-25 09:42:53',0,76,0),(77,'Top Ranked for Insurance & Reinsurance Litigation',71,'2016-10-25 09:42:53','2016-10-25 09:42:53',0,77,0),(78,'Top Ranked for Personal Injury: Claimant',71,'2016-10-25 09:42:53','2016-10-25 09:42:53',0,78,0),(79,'Top Ranked for Personal Injury: Defendant',71,'2016-10-25 09:42:53','2016-10-25 09:42:53',0,79,0),(80,'Top Ranked for Product Liability: Claimant',71,'2016-10-25 09:42:53','2016-10-25 09:42:53',0,80,0),(81,'Top Ranked for Product Liability: Defendant',71,'2016-10-25 09:42:53','2016-10-25 09:42:53',0,81,0),(82,'Top Ranked for Professional Negligence',71,'2016-10-25 09:42:53','2016-10-25 09:42:53',0,82,0),(83,'Top Ranked for Private Client',NULL,'2016-10-25 09:42:53','2016-10-25 09:42:53',0,83,0),(84,'Top Ranked for Agriculture & Estates',83,'2016-10-25 09:42:53','2016-10-25 09:42:53',0,84,0),(85,'Top Ranked for Art & Cultural Property',83,'2016-10-25 09:42:53','2016-10-25 09:42:53',0,85,0),(86,'Top Ranked for Charities',83,'2016-10-25 09:42:53','2016-10-25 09:42:53',0,86,0),(87,'Top Ranked for Contentious Trust & Probate',83,'2016-10-25 09:42:53','2016-10-25 09:42:53',0,87,0),(88,'Top Ranked for Court of Protection',83,'2016-10-25 09:42:53','2016-10-25 09:42:53',0,88,0),(89,'Top Ranked for Family',83,'2016-10-25 09:42:53','2016-10-25 09:42:53',0,89,0),(90,'Top Ranked for Family: Mediation',83,'2016-10-25 09:42:53','2016-10-25 09:42:53',0,90,0),(91,'Top Ranked for Personal Tax, Trust & Probate',83,'2016-10-25 09:42:53','2016-10-25 09:42:53',0,91,0),(92,'Top Ranked for Projects, Energy & Natural Resources',NULL,'2016-10-25 09:42:53','2016-10-25 09:42:53',0,92,0),(93,'Top Ranked for Infrastructure (including PFI & PPP)',92,'2016-10-25 09:42:53','2016-10-25 09:42:53',0,93,0),(94,'Top Ranked for Mining & Minerals',92,'2016-10-25 09:42:53','2016-10-25 09:42:53',0,94,0),(95,'Top Ranked for Oil & Gas',92,'2016-10-25 09:42:53','2016-10-25 09:42:53',0,95,0),(96,'Top Ranked for Power',92,'2016-10-25 09:42:53','2016-10-25 09:42:53',0,96,0),(97,'Top Ranked for Water',92,'2016-10-25 09:42:53','2016-10-25 09:42:53',0,97,0),(98,'Top Ranked for Public Sector',NULL,'2016-10-25 09:42:53','2016-10-25 09:42:53',0,98,0),(99,'Top Ranked for Administrative & Public Law',98,'2016-10-25 09:42:53','2016-10-25 09:42:53',0,99,0),(100,'Top Ranked for Civil Liberties & Human Rights',98,'2016-10-25 09:42:53','2016-10-25 09:42:53',0,100,0),(101,'Top Ranked for Education: Individuals',98,'2016-10-25 09:42:53','2016-10-25 09:42:53',0,101,0),(102,'Top Ranked for Education: Institutions',98,'2016-10-25 09:42:53','2016-10-25 09:42:53',0,102,0),(103,'Top Ranked for Education: Schools',98,'2016-10-25 09:42:53','2016-10-25 09:42:53',0,103,0),(104,'Top Ranked for Electoral',98,'2016-10-25 09:42:53','2016-10-25 09:42:53',0,104,0),(105,'Top Ranked for Healthcare',98,'2016-10-25 09:42:53','2016-10-25 09:42:53',0,105,0),(106,'Top Ranked for Infrastructure (Parliamentary)',98,'2016-10-25 09:42:53','2016-10-25 09:42:53',0,106,0),(107,'Top Ranked for Local Government',98,'2016-10-25 09:42:53','2016-10-25 09:42:53',0,107,0),(108,'Top Ranked for Real Estate',NULL,'2016-10-25 09:42:53','2016-10-25 09:42:53',0,108,0),(109,'Top Ranked for Commercial Property',108,'2016-10-25 09:42:53','2016-10-25 09:42:53',0,109,0),(110,'Top Ranked for Construction (Contentious)',108,'2016-10-25 09:42:53','2016-10-25 09:42:53',0,110,0),(111,'Top Ranked for Construction (Non-Contentious)',108,'2016-10-25 09:42:53','2016-10-25 09:42:53',0,111,0),(112,'Top Ranked for Development',108,'2016-10-25 09:42:53','2016-10-25 09:42:53',0,112,0),(113,'Top Ranked for Environment',108,'2016-10-25 09:42:53','2016-10-25 09:42:53',0,113,0),(114,'Top Ranked for Investment',108,'2016-10-25 09:42:53','2016-10-25 09:42:53',0,114,0),(115,'Top Ranked for Planning',108,'2016-10-25 09:42:53','2016-10-25 09:42:53',0,115,0),(116,'Top Ranked for Property Finance',108,'2016-10-25 09:42:53','2016-10-25 09:42:53',0,116,0),(117,'Top Ranked for Property Litigation',108,'2016-10-25 09:42:53','2016-10-25 09:42:53',0,117,0),(118,'Top Ranked for Social Housing: Finance',108,'2016-10-25 09:42:53','2016-10-25 09:42:53',0,118,0),(119,'Top Ranked for Social Housing: Local Authorities & Registered Providers',108,'2016-10-25 09:42:53','2016-10-25 09:42:53',0,119,0),(120,'Top Ranked for Social Housing: Tenant',108,'2016-10-25 09:42:53','2016-10-25 09:42:53',0,120,0),(121,'Top Ranked for TMT',NULL,'2016-10-25 09:42:53','2016-10-25 09:42:53',0,121,0),(122,'Top Ranked for Brand Management',121,'2016-10-25 09:42:53','2016-10-25 09:42:53',0,122,0),(123,'Top Ranked for Data Protection',121,'2016-10-25 09:42:53','2016-10-25 09:42:53',0,123,0),(124,'Top Ranked for Franchising',121,'2016-10-25 09:42:53','2016-10-25 09:42:53',0,124,0),(125,'Top Ranked for IT & Telecoms',121,'2016-10-25 09:42:53','2016-10-25 09:42:53',0,125,0),(126,'Top Ranked for Intellectual Property',121,'2016-10-25 09:42:53','2016-10-25 09:42:53',0,126,0),(127,'Top Ranked for Media & Entertainment',121,'2016-10-25 09:42:53','2016-10-25 09:42:53',0,127,0),(128,'Top Ranked for Media Finance',121,'2016-10-25 09:42:53','2016-10-25 09:42:53',0,128,0),(129,'Top Ranked for Pharamaceuticals & Biotechnology',121,'2016-10-25 09:42:53','2016-10-25 09:42:53',0,129,0),(130,'Top Ranked for Sport',121,'2016-10-25 09:42:53','2016-10-25 09:42:53',0,130,0),(131,'Top Ranked for Transport',NULL,'2016-10-25 09:42:53','2016-10-25 09:42:53',0,131,0),(132,'Top Ranked for Aviation',131,'2016-10-25 09:42:53','2016-10-25 09:42:53',0,132,0),(133,'Top Ranked for Rail',131,'2016-10-25 09:42:53','2016-10-25 09:42:53',0,133,0),(134,'Top Ranked for Shipping',131,'2016-10-25 09:42:53','2016-10-25 09:42:53',0,134,0),(135,'Top Ranked for Travel',131,'2016-10-25 09:42:53','2016-10-25 09:42:53',0,135,0),(136,'Outside of Legal',NULL,'2016-10-25 09:42:59','2016-10-25 09:42:59',1,0,5),(137,'In House Legal Department',NULL,'2016-10-25 09:42:59','2016-10-25 09:42:59',1,0,5),(138,'Top 200 UK Firms',NULL,'2017-03-14 17:12:07','2017-03-14 17:12:07',0,136,144),(139,'30 Largest National Firms',NULL,'2017-03-14 17:12:07','2017-03-14 17:12:07',0,137,143),(140,'Recognised Leader in East Anglia',NULL,'2017-03-14 17:12:07','2017-03-14 17:12:07',0,138,142),(141,'Recognised Leader in the East Midlands',NULL,'2017-03-14 17:12:07','2017-03-14 17:12:07',0,139,141),(142,'Recognised Leader in the North',NULL,'2017-03-14 17:12:07','2017-03-14 17:12:07',0,140,140),(143,'Recognised Leader in the North West',NULL,'2017-03-14 17:12:07','2017-03-14 17:12:07',0,141,139),(144,'Recognised Leader in the South East',NULL,'2017-03-14 17:12:07','2017-03-14 17:12:07',0,142,138),(145,'Recognised Leader in the South West',NULL,'2017-03-14 17:12:07','2017-03-14 17:12:07',0,143,137),(146,'Recognised Leader in Wales',NULL,'2017-03-14 17:12:07','2017-03-14 17:12:07',0,144,136),(147,'Recognised Leader in the West Midlands',NULL,'2017-03-14 17:12:07','2017-03-14 17:12:07',0,145,135),(148,'Recognised Leader in Yorkshire & Humber',NULL,'2017-03-14 17:12:07','2017-03-14 17:12:07',0,146,134);
/*!40000 ALTER TABLE `law_firm_bands` ENABLE KEYS */;
UNLOCK TABLES;

--
-- Table structure for table `law_firm_law_firm_band`
--

DROP TABLE IF EXISTS `law_firm_law_firm_band`;
/*!40101 SET @saved_cs_client     = @@character_set_client */;
/*!40101 SET character_set_client = utf8 */;
CREATE TABLE `law_firm_law_firm_band` (
  `law_firm_id` int(10) unsigned NOT NULL,
  `law_firm_band_id` int(10) unsigned NOT NULL,
  PRIMARY KEY (`law_firm_id`,`law_firm_band_id`),
  KEY `law_firm_bands_law_firms_law_firms_id_index` (`law_firm_id`),
  KEY `law_firm_bands_law_firms_law_firm_bands_id_index` (`law_firm_band_id`)
) ENGINE=InnoDB DEFAULT CHARSET=utf8 COLLATE=utf8_unicode_ci;
/*!40101 SET character_set_client = @saved_cs_client */;

--
-- Dumping data for table `law_firm_law_firm_band`
--

LOCK TABLES `law_firm_law_firm_band` WRITE;
/*!40000 ALTER TABLE `law_firm_law_firm_band` DISABLE KEYS */;
INSERT INTO `law_firm_law_firm_band` VALUES (1,1),(2,1),(3,1),(3,138),(3,146),(4,1),(5,1),(6,1),(7,1),(8,1),(9,1),(9,146),(10,1),(11,1),(12,1),(13,1),(13,5),(13,6),(13,9),(13,15),(13,24),(13,25),(13,32),(13,42),(13,60),(13,63),(13,76),(13,93),(13,105),(13,109),(13,112),(13,114),(13,118),(13,138),(13,139),(13,143),(13,148),(14,1),(14,7),(14,13),(14,16),(14,53),(14,56),(14,95),(15,1),(16,1),(17,1),(17,89),(17,90),(18,1),(18,2),(18,5),(18,6),(18,9),(18,10),(18,11),(18,12),(18,13),(18,14),(18,21),(18,30),(18,32),(18,37),(18,38),(18,39),(18,41),(18,44),(18,47),(18,49),(18,50),(18,53),(18,54),(18,55),(18,56),(18,57),(18,58),(18,59),(18,60),(18,62),(18,63),(18,70),(18,76),(18,93),(18,94),(18,95),(18,96),(18,97),(18,99),(18,113),(18,114),(18,116),(18,118),(18,123),(18,126),(18,129),(18,133),(18,138),(19,1),(20,1),(20,6),(20,138),(21,1),(21,7),(22,1),(22,72),(22,78),(22,88),(22,90),(22,120),(23,1),(24,1),(25,1),(26,1),(27,1),(27,7),(27,81),(27,129),(28,1),(29,1),(29,135),(29,138),(29,144),(30,1),(30,6),(30,138),(30,145),(31,1),(31,3),(31,5),(31,6),(31,11),(31,12),(31,13),(31,14),(31,15),(31,18),(31,19),(31,25),(31,27),(31,30),(31,37),(31,38),(31,47),(31,51),(31,52),(31,54),(31,55),(31,56),(31,58),(31,74),(31,93),(31,94),(31,95),(31,96),(31,109),(31,112),(31,114),(31,115),(31,116),(31,117),(31,133),(31,138),(32,1),(33,1),(34,1),(34,42),(35,1),(36,1),(37,1),(38,1),(39,1),(39,138),(39,144),(40,1),(41,1),(41,4),(41,7),(41,9),(41,12),(41,19),(41,27),(41,30),(41,32),(41,54),(41,56),(41,60),(41,62),(41,63),(41,69),(41,70),(41,81),(41,87),(41,91),(41,99),(41,113),(41,114),(41,122),(41,123),(41,125),(41,126),(41,127),(41,129),(42,1),(43,1),(43,7),(43,95),(44,1),(45,1),(45,138),(46,1),(46,33),(47,1),(47,138),(48,1),(49,1),(50,1),(51,1),(52,1),(53,1),(53,23),(53,43),(53,64),(53,67),(53,68),(53,86),(53,99),(53,102),(53,103),(53,104),(53,127),(53,138),(54,1),(55,1),(55,30),(55,31),(55,33),(55,66),(56,1),(57,1),(58,1),(59,1),(60,1),(61,1),(62,1),(63,1),(64,1),(65,1),(66,1),(67,1),(67,3),(67,5),(67,6),(67,9),(67,13),(67,15),(67,19),(67,27),(67,30),(67,32),(67,34),(67,35),(67,63),(67,75),(67,87),(67,91),(67,93),(67,97),(67,106),(67,107),(67,109),(67,110),(67,111),(67,112),(67,114),(67,115),(67,116),(67,117),(67,125),(67,133),(67,138),(67,143),(68,1),(69,1),(70,1),(70,6),(70,43),(70,73),(70,99),(70,105),(70,107),(70,138),(70,145),(71,1),(71,99),(71,100),(72,1),(73,1),(73,31),(73,33),(73,65),(73,68),(73,72),(73,78),(73,88),(73,99),(73,100),(73,105),(73,120),(73,138),(74,1),(74,6),(74,23),(74,64),(74,68),(74,84),(74,86),(74,88),(74,91),(74,106),(74,115),(74,138),(75,1),(75,5),(75,6),(75,9),(75,22),(75,28),(75,32),(75,105),(75,122),(75,123),(75,124),(75,125),(75,126),(75,127),(75,129),(75,130),(75,138),(76,1),(76,31),(77,1),(77,6),(77,138),(77,140),(77,144),(78,1),(79,1),(79,33),(80,1),(81,1),(82,1),(82,31),(82,33),(83,1),(84,1),(85,1),(86,1),(87,1),(87,6),(87,23),(87,35),(87,43),(87,105),(87,124),(87,138),(87,139),(87,144),(87,146),(88,1),(88,144),(89,1),(90,1),(91,1),(91,5),(91,6),(91,43),(91,66),(91,79),(91,138),(91,139),(92,1),(93,1),(94,1),(94,7),(95,1),(96,1),(97,1),(97,72),(98,1),(98,5),(98,6),(98,66),(98,69),(98,133),(98,138),(98,139),(98,142),(98,144),(98,145),(99,1),(100,1),(100,6),(100,23),(100,84),(100,85),(100,87),(100,91),(100,138),(101,1),(102,1),(103,1),(104,1),(104,138),(104,144),(105,1),(105,6),(105,138),(106,1),(106,7),(106,95),(107,1),(108,1),(108,138),(109,1),(109,64),(110,1),(111,1),(111,138),(112,1),(113,1),(114,1),(114,6),(114,23),(114,122),(114,123),(114,125),(114,126),(114,127),(114,129),(114,138),(115,1),(115,6),(115,138),(116,1),(117,1),(118,1),(119,1),(120,1),(120,7),(120,23),(120,28),(120,30),(120,33),(121,1),(121,6),(121,103),(121,138),(121,139),(121,141),(122,1),(122,7),(123,1),(123,138),(124,1),(125,1),(125,7),(126,1),(126,5),(126,6),(126,66),(126,69),(126,84),(126,107),(126,133),(126,138),(126,145),(127,1),(127,6),(127,138),(128,1),(129,1),(130,1),(130,7),(131,1),(131,32),(131,33),(132,1),(133,1),(133,7),(133,55),(133,59),(134,1),(134,7),(134,57),(135,1),(136,1),(137,1),(138,1),(139,1),(140,1),(141,1),(141,146),(142,1),(142,6),(142,43),(142,73),(142,105),(142,138),(142,139),(143,1),(144,1),(145,1),(146,1),(147,1),(147,67),(148,1),(148,42),(149,1),(150,1),(151,1),(151,7),(151,96),(152,1),(152,5),(152,6),(152,15),(152,32),(152,64),(152,84),(152,85),(152,86),(152,87),(152,88),(152,89),(152,90),(152,91),(152,105),(152,117),(152,127),(152,130),(152,138),(152,144),(152,145),(153,1),(154,1),(154,138),(155,1),(156,1),(157,1),(157,6),(157,138),(157,139),(157,145),(157,146),(158,1),(158,138),(159,1),(160,1),(160,7),(161,1),(162,1),(162,4),(162,7),(162,12),(162,54),(163,1),(164,1),(165,1),(165,2),(165,5),(165,6),(165,10),(165,11),(165,12),(165,13),(165,14),(165,18),(165,19),(165,21),(165,26),(165,27),(165,30),(165,32),(165,37),(165,38),(165,39),(165,41),(165,44),(165,45),(165,47),(165,49),(165,50),(165,53),(165,54),(165,55),(165,56),(165,58),(165,59),(165,60),(165,62),(165,63),(165,74),(165,75),(165,76),(165,87),(165,93),(165,94),(165,95),(165,96),(165,109),(165,111),(165,112),(165,113),(165,114),(165,116),(165,118),(165,133),(165,138),(166,1),(167,1),(167,89),(167,127),(168,1),(168,5),(168,6),(168,32),(168,52),(168,66),(168,73),(168,74),(168,75),(168,77),(168,79),(168,81),(168,82),(168,93),(168,95),(168,132),(168,133),(168,134),(168,138),(168,144),(169,1),(169,24),(169,64),(170,1),(170,5),(170,6),(170,9),(170,13),(170,15),(170,25),(170,55),(170,62),(170,66),(170,69),(170,70),(170,74),(170,77),(170,82),(170,93),(170,95),(170,96),(170,105),(170,109),(170,110),(170,111),(170,112),(170,113),(170,114),(170,115),(170,122),(170,125),(170,129),(170,133),(170,138),(171,1),(172,1),(172,42),(172,90),(172,138),(173,1),(174,1),(174,7),(174,85),(175,1),(176,1),(176,7),(176,75),(177,1),(178,1),(178,31),(178,33),(179,1),(179,130),(180,1),(180,4),(180,7),(180,28),(180,30),(180,76),(180,123),(180,129),(181,1),(181,7),(182,1),(183,1),(183,7),(183,57),(184,1),(184,6),(184,138),(184,144),(185,1),(185,7),(186,1),(187,1),(188,1),(189,1),(189,7),(190,1),(191,1),(191,5),(191,6),(191,23),(191,43),(191,66),(191,73),(191,79),(191,81),(191,99),(191,102),(191,105),(191,138),(191,139),(191,142),(191,145),(192,1),(193,1),(194,1),(194,138),(195,1),(196,1),(197,1),(198,1),(199,1),(199,42),(200,1),(201,1),(202,1),(203,1),(203,7),(203,12),(203,54),(204,1),(205,1),(205,89),(205,90),(206,1),(207,1),(208,1),(209,1),(209,4),(209,7),(209,18),(209,30),(209,38),(209,41),(209,44),(209,74),(210,1),(210,4),(210,7),(210,16),(210,18),(210,22),(210,25),(210,30),(210,33),(210,64),(211,1),(212,1),(212,99),(212,100),(212,120),(213,1),(213,5),(213,6),(213,9),(213,25),(213,49),(213,51),(213,56),(213,58),(213,60),(213,95),(213,109),(213,112),(213,113),(213,115),(213,123),(213,124),(213,125),(213,127),(213,133),(214,1),(214,40),(214,118),(214,119),(215,1),(216,1),(216,6),(216,138),(217,1),(217,138),(218,1),(219,1),(219,5),(219,6),(219,9),(219,15),(219,25),(219,27),(219,30),(219,32),(219,34),(219,48),(219,52),(219,56),(219,66),(219,69),(219,96),(219,109),(219,112),(219,114),(219,115),(219,116),(219,122),(219,124),(219,125),(219,127),(219,129),(219,130),(219,132),(219,133),(219,138),(219,139),(219,147),(219,148),(220,1),(220,6),(220,138),(220,144),(221,1),(222,1),(222,7),(223,1),(223,101),(224,1),(225,1),(225,64),(226,1),(227,1),(227,7),(228,1),(228,23),(229,1),(229,7),(230,1),(231,1),(231,68),(231,120),(232,1),(233,1),(233,5),(233,6),(233,66),(233,79),(233,138),(233,139),(233,142),(233,147),(233,148),(234,1),(235,1),(236,1),(237,1),(238,1),(238,138),(239,1),(239,43),(240,1),(241,1),(242,1),(243,1),(243,31),(244,1),(245,1),(245,64),(245,76),(245,138),(246,1),(247,1),(248,1),(248,144),(249,1),(250,1),(251,1),(251,32),(252,1),(252,5),(252,6),(252,15),(252,20),(252,22),(252,25),(252,27),(252,30),(252,33),(252,66),(252,69),(252,70),(252,102),(252,105),(252,106),(252,107),(252,109),(252,110),(252,111),(252,112),(252,114),(252,116),(252,117),(252,133),(252,138),(252,139),(252,140),(252,141),(252,142),(252,146),(252,147),(252,148),(253,1),(253,7),(253,23),(254,1),(254,89),(254,90),(255,1),(256,1),(257,1),(257,6),(257,23),(257,64),(257,84),(257,85),(257,86),(257,87),(257,89),(257,91),(257,102),(257,103),(257,127),(257,138),(258,1),(259,1),(259,138),(260,1),(260,76),(261,1),(261,110),(261,138),(262,1),(262,144),(263,1),(263,5),(263,6),(263,9),(263,15),(263,20),(263,22),(263,30),(263,32),(263,43),(263,45),(263,72),(263,78),(263,99),(263,122),(263,123),(263,124),(263,125),(263,127),(263,129),(263,135),(263,138),(264,1),(264,7),(265,1),(265,68),(266,1),(266,6),(266,23),(266,138),(267,1),(268,1),(268,138),(268,141),(269,1),(270,1),(270,6),(270,58),(270,88),(270,138),(270,145),(271,1),(272,1),(273,1),(274,1),(275,1),(276,1),(276,6),(276,23),(276,84),(276,87),(276,91),(276,112),(277,1),(277,24),(278,1),(278,23),(278,24),(278,33),(278,138),(279,1),(279,7),(280,1),(281,1),(282,1),(282,6),(282,138),(282,139),(282,141),(282,144),(283,1),(283,2),(283,5),(283,6),(283,10),(283,11),(283,12),(283,13),(283,14),(283,17),(283,21),(283,26),(283,30),(283,32),(283,37),(283,38),(283,39),(283,41),(283,44),(283,45),(283,47),(283,50),(283,53),(283,54),(283,59),(283,62),(283,63),(283,81),(283,95),(283,110),(283,111),(283,113),(283,116),(283,138),(283,143),(284,1),(284,7),(284,25),(285,1),(286,1),(287,1),(288,1),(288,138),(289,1),(290,1),(291,1),(292,1),(293,1),(293,5),(293,6),(293,138),(293,139),(293,141),(293,147),(294,1),(294,6),(294,138),(294,141),(294,146),(295,1),(296,1),(296,67),(296,68),(297,1),(298,1),(298,4),(298,7),(298,114),(299,1),(300,1),(301,1),(302,1),(302,138),(303,1),(303,88),(304,1),(305,1),(306,1),(306,7),(307,1),(307,127),(307,138),(308,1),(309,1),(309,7),(309,19),(309,25),(309,114),(310,1),(310,7),(311,1),(312,1),(312,34),(312,35),(312,138),(313,1),(313,6),(313,138),(314,1),(315,1),(315,5),(315,6),(315,9),(315,15),(315,17),(315,22),(315,32),(315,69),(315,87),(315,91),(315,105),(315,112),(315,117),(315,122),(315,126),(315,129),(315,138),(315,139),(315,147),(316,1),(317,1),(317,7),(317,97),(318,1),(319,1),(319,140),(320,1),(321,1),(322,1),(323,1),(324,1),(325,1),(326,1),(327,1),(327,68),(328,1),(329,1),(330,1),(331,1),(332,1),(333,1),(333,138),(334,1),(335,1),(336,1),(336,6),(336,23),(336,42),(336,64),(336,122),(336,127),(336,130),(336,138),(337,1),(337,87),(337,91),(338,1),(339,1),(339,6),(339,138),(340,1),(340,34),(341,1),(342,1),(343,1),(344,1),(345,1),(346,1),(347,1),(347,39),(348,1),(349,1),(350,1),(351,1),(352,1),(353,1),(354,1),(354,43),(354,73),(354,105),(355,1),(356,1),(356,3),(356,5),(356,6),(356,11),(356,12),(356,13),(356,17),(356,19),(356,21),(356,24),(356,27),(356,30),(356,32),(356,37),(356,38),(356,39),(356,41),(356,44),(356,45),(356,54),(356,56),(356,58),(356,59),(356,62),(356,63),(356,66),(356,69),(356,70),(356,74),(356,75),(356,76),(356,77),(356,81),(356,82),(356,87),(356,93),(356,95),(356,96),(356,97),(356,99),(356,109),(356,110),(356,111),(356,112),(356,114),(356,115),(356,116),(356,117),(356,125),(356,126),(356,127),(356,129),(356,132),(356,133),(356,138),(357,1),(358,1),(358,138),(358,140),(359,1),(360,1),(361,1),(361,31),(361,33),(361,100),(362,1),(362,138),(363,1),(363,5),(363,6),(363,52),(363,132),(363,134),(363,135),(363,138),(363,139),(364,1),(364,31),(364,80),(364,100),(364,120),(364,138),(365,1),(365,5),(365,6),(365,9),(365,11),(365,13),(365,14),(365,17),(365,19),(365,25),(365,27),(365,30),(365,32),(365,37),(365,38),(365,39),(365,41),(365,44),(365,45),(365,55),(365,56),(365,58),(365,59),(365,60),(365,62),(365,63),(365,69),(365,70),(365,74),(365,75),(365,77),(365,81),(365,82),(365,93),(365,95),(365,99),(365,109),(365,110),(365,111),(365,112),(365,113),(365,114),(365,115),(365,116),(365,117),(365,122),(365,123),(365,126),(365,129),(365,133),(365,138),(366,1),(366,5),(366,6),(366,51),(366,52),(366,60),(366,74),(366,77),(366,132),(366,134),(366,135),(366,138),(367,1),(368,1),(369,1),(369,6),(369,23),(369,42),(369,85),(369,138),(370,1),(371,1),(371,138),(371,140),(371,141),(372,1),(373,1),(374,1),(374,6),(374,80),(374,138),(374,146),(375,1),(375,89),(375,90),(376,1),(377,1),(378,1),(379,1),(379,84),(379,89),(379,90),(379,91),(379,138),(380,1),(380,7),(380,123),(381,1),(381,7),(382,1),(383,1),(383,31),(383,138),(383,144),(384,1),(385,1),(386,1),(386,5),(386,6),(386,23),(386,52),(386,77),(386,134),(386,138),(387,1),(388,1),(388,5),(388,6),(388,23),(388,33),(388,40),(388,48),(388,72),(388,78),(388,80),(388,88),(388,99),(388,101),(388,138),(388,139),(388,144),(388,147),(388,148),(389,1),(390,1),(391,1),(392,1),(393,1),(394,1),(394,33),(395,1),(396,1),(396,7),(397,1),(397,138),(398,1),(398,34),(398,35),(399,1),(399,101),(400,1),(401,1),(402,1),(403,1),(403,4),(403,7),(403,19),(403,25),(403,32),(403,60),(403,109),(403,112),(403,114),(403,116),(404,1),(405,1),(405,45),(406,1),(407,1),(408,1),(409,1),(410,1),(411,1),(411,4),(411,7),(411,30),(411,34),(411,58),(411,76),(411,104),(411,135),(412,1),(413,1),(413,7),(414,1),(414,7),(415,1),(416,1),(417,1),(417,23),(417,125),(417,127),(417,138),(418,1),(419,1),(419,5),(419,6),(419,66),(419,73),(419,77),(419,79),(419,81),(419,82),(419,138),(419,139),(420,1),(421,1),(421,6),(421,138),(421,139),(422,1),(423,1),(424,1),(425,1),(426,1),(426,138),(427,1),(428,1),(429,1),(430,1),(430,7),(431,1),(431,3),(431,9),(431,13),(431,17),(431,18),(431,19),(431,25),(431,28),(431,32),(431,39),(431,109),(431,112),(431,114),(431,115),(431,138),(432,1),(432,6),(432,30),(432,31),(432,33),(432,43),(432,64),(432,67),(432,68),(432,72),(432,89),(432,90),(432,99),(432,138),(433,1),(433,4),(433,7),(433,18),(433,26),(433,30),(433,47),(433,53),(434,1),(435,1),(435,7),(436,1),(437,1),(438,1),(439,1),(439,7),(440,1),(441,1),(441,138),(442,1),(443,1),(443,4),(443,7),(443,12),(443,18),(443,26),(443,38),(443,47),(443,54),(443,57),(443,143),(444,1),(445,1),(446,1),(446,67),(446,68),(447,1),(448,1),(448,68),(449,1),(450,1),(451,1),(452,1),(453,1),(454,1),(454,138),(455,1),(455,127),(456,1),(457,1),(458,1),(458,65),(458,72),(458,78),(458,80),(458,88),(458,99),(458,100),(458,101),(458,113),(459,1),(459,138),(459,145),(460,1),(461,1),(461,89),(461,90),(462,1),(463,1),(463,7),(464,1),(464,31),(464,33),(465,1),(465,6),(465,24),(465,63),(465,64),(465,112),(465,122),(465,127),(465,130),(465,138),(465,146),(466,1),(467,1),(468,1),(468,138),(469,1),(469,2),(469,5),(469,6),(469,10),(469,11),(469,12),(469,13),(469,14),(469,17),(469,18),(469,19),(469,21),(469,30),(469,32),(469,37),(469,38),(469,39),(469,47),(469,50),(469,51),(469,53),(469,54),(469,55),(469,56),(469,57),(469,59),(469,60),(469,62),(469,63),(469,69),(469,70),(469,74),(469,93),(469,94),(469,95),(469,96),(469,97),(469,109),(469,112),(469,113),(469,114),(469,116),(469,123),(469,125),(469,133),(469,138),(470,1),(471,1),(471,31),(471,33),(472,1),(473,1),(473,7),(474,1),(475,1),(476,1),(477,1),(478,1),(479,1),(480,1),(480,138),(481,1),(482,1),(483,1),(484,1),(485,1),(485,3),(485,5),(485,6),(485,13),(485,18),(485,19),(485,20),(485,25),(485,32),(485,64),(485,87),(485,91),(485,109),(485,112),(485,114),(485,138),(486,1),(487,1),(487,88),(488,1),(489,1),(489,6),(489,23),(489,138),(490,1),(490,138),(491,1),(491,67),(492,1),(493,1),(494,1),(495,1),(496,1),(497,1),(498,1),(499,1),(499,23),(500,1),(501,1),(502,1),(503,1),(504,1),(505,1),(505,101),(506,1),(507,1),(508,1),(509,1),(509,24),(509,86),(509,91),(510,1),(510,101),(511,1),(512,1),(512,4),(512,7),(512,37),(512,48),(512,55),(512,56),(512,59),(512,63),(512,69),(512,75),(512,77),(512,82),(512,94),(512,109),(512,110),(512,112),(512,114),(512,116),(513,1),(514,1),(515,1),(516,1),(517,1),(518,1),(518,7),(518,22),(518,25),(518,52),(518,87),(518,91),(519,1),(520,1),(521,1),(521,7),(521,23),(522,1),(523,1),(524,1),(525,1),(525,23),(525,138),(526,1),(527,1),(528,1),(529,1),(530,1),(530,6),(530,76),(530,138),(530,145),(531,1),(531,4),(531,7),(531,9),(531,55),(531,56),(531,94),(531,95),(531,125),(532,1),(532,88),(532,90),(533,1),(534,1),(535,1),(535,5),(535,6),(535,84),(535,90),(535,102),(535,105),(535,138),(535,139),(535,140),(535,147),(536,1),(537,1),(538,1),(538,7),(539,1),(539,5),(539,6),(539,22),(539,32),(539,34),(539,64),(539,67),(539,68),(539,85),(539,87),(539,89),(539,109),(539,112),(539,114),(539,117),(539,138),(540,1),(541,1),(542,1),(543,1),(543,40),(544,1),(544,138),(545,1),(545,7),(545,22),(545,67),(546,1),(547,1),(548,1),(548,7),(549,1),(549,7),(550,1),(550,120),(551,1),(551,138),(552,1),(552,138),(553,1),(554,1),(555,1),(556,1),(556,138),(556,144),(557,1),(558,1),(559,1),(560,1),(560,5),(560,6),(560,15),(560,19),(560,22),(560,43),(560,66),(560,69),(560,109),(560,110),(560,111),(560,112),(560,114),(560,115),(560,116),(560,117),(560,138),(560,143),(560,148),(561,1),(562,1),(563,1),(563,138),(563,141),(564,1),(565,1),(566,1),(567,1),(567,7),(568,1),(569,1),(570,1),(570,5),(570,6),(570,9),(570,12),(570,13),(570,14),(570,15),(570,17),(570,25),(570,27),(570,30),(570,33),(570,37),(570,48),(570,49),(570,51),(570,52),(570,54),(570,56),(570,58),(570,59),(570,60),(570,74),(570,75),(570,77),(570,93),(570,94),(570,95),(570,96),(570,109),(570,112),(570,113),(570,114),(570,116),(570,132),(570,133),(570,138),(571,1),(572,1),(573,1),(574,1),(575,1),(576,1),(576,5),(576,6),(576,9),(576,22),(576,27),(576,34),(576,42),(576,114),(576,116),(576,117),(576,122),(576,125),(576,126),(576,127),(576,129),(576,138),(577,1),(577,7),(578,1),(578,130),(579,1),(579,7),(579,28),(579,51),(580,1),(580,5),(580,6),(580,15),(580,19),(580,22),(580,25),(580,28),(580,32),(580,66),(580,69),(580,112),(580,122),(580,127),(580,138),(580,139),(580,144),(580,145),(581,1),(581,120),(582,1),(583,1),(584,1),(585,1),(586,1),(586,138),(586,144),(587,1),(588,1),(589,1),(589,65),(590,1),(590,7),(590,19),(590,114),(590,116),(591,1),(592,1),(592,7),(593,1),(593,84),(593,89),(593,91),(593,138),(594,1),(594,32),(595,1),(596,1),(597,1),(597,138),(598,1),(598,6),(598,23),(598,43),(598,64),(598,67),(598,68),(598,88),(598,89),(598,138),(598,144),(599,1),(599,34),(600,1),(600,30),(600,32),(600,33),(600,138),(601,1),(601,7),(602,1),(603,1),(603,5),(603,6),(603,9),(603,15),(603,22),(603,25),(603,27),(603,30),(603,32),(603,34),(603,45),(603,66),(603,69),(603,70),(603,75),(603,93),(603,95),(603,102),(603,105),(603,106),(603,107),(603,110),(603,111),(603,112),(603,113),(603,115),(603,116),(603,117),(603,118),(603,125),(603,130),(603,133),(603,138),(603,139),(603,143),(603,147),(603,148),(604,1),(604,138),(604,144),(605,1),(605,66),(605,79),(606,1),(606,35),(607,1),(607,138),(608,1),(609,1),(610,1),(611,1),(611,126),(611,129),(612,1),(613,1),(614,1),(614,140),(615,1),(615,6),(615,23),(615,45),(615,67),(615,123),(616,1),(617,1),(617,7),(617,18),(618,1),(619,1),(620,1),(621,1),(621,7),(621,37),(621,38),(621,44),(622,1),(623,1),(623,43),(623,138),(624,1),(625,1),(626,1),(627,1),(628,1),(629,1),(630,1),(631,1),(631,4),(631,7),(631,22),(631,30),(631,32),(631,51),(631,52),(631,60),(631,76),(631,122),(631,127),(631,134),(632,1),(633,1),(634,1),(635,1),(636,1),(636,7),(637,1),(638,1),(639,1),(639,138),(640,1),(641,1),(642,1),(642,7),(642,18),(642,57),(643,1),(643,23),(643,138),(644,1),(644,27),(645,1),(646,1),(647,1),(647,138),(648,1),(648,138),(649,1),(649,5),(649,6),(649,9),(649,22),(649,30),(649,37),(649,42),(649,45),(649,66),(649,75),(649,77),(649,82),(649,122),(649,127),(649,138),(650,1),(650,6),(650,31),(650,33),(650,43),(650,64),(650,72),(650,86),(650,88),(650,89),(650,90),(650,101),(650,138),(651,1),(651,127),(652,1),(653,1),(654,1),(654,144),(655,1),(655,6),(655,69),(655,70),(656,1),(657,1),(657,42),(658,1),(659,1),(659,7),(659,16),(660,1),(660,7),(661,1),(662,1),(663,1),(664,1),(665,1),(666,1),(666,138),(667,1),(667,7),(668,1),(669,1),(669,7),(670,1),(670,6),(670,102),(670,138),(670,139),(670,141),(670,147),(671,1),(672,1),(672,104),(672,106),(672,107),(673,1),(673,31),(674,1),(674,4),(674,7),(674,12),(674,14),(674,51),(674,54),(674,55),(674,56),(674,57),(674,95),(674,96),(675,1),(675,31),(675,33),(676,1),(676,6),(676,23),(676,138),(677,1),(678,1),(678,23),(678,127),(679,1),(679,144),(680,1),(680,7),(681,1),(681,5),(681,6),(681,40),(681,138),(681,139),(681,141),(681,143),(681,144),(681,147),(682,1),(682,4),(682,7),(682,55),(682,75),(683,1),(684,1),(685,1),(686,1),(686,127),(687,1),(687,5),(687,6),(687,12),(687,13),(687,14),(687,15),(687,16),(687,20),(687,25),(687,27),(687,30),(687,32),(687,37),(687,38),(687,45),(687,51),(687,55),(687,59),(687,60),(687,63),(687,82),(687,96),(687,114),(687,116),(687,122),(687,125),(687,126),(687,127),(687,129),(687,133),(687,138),(688,1),(688,23),(688,31),(688,42),(688,124),(688,127),(689,1),(689,65),(689,88),(689,138),(690,1),(690,4),(690,7),(690,18),(690,57),(691,1),(692,1),(693,1),(693,4),(693,7),(693,12),(693,21),(693,30),(693,41),(693,44),(693,54),(694,1),(695,1),(695,33),(695,42),(695,64),(695,65),(695,138),(695,139),(696,1),(697,1),(697,2),(697,5),(697,6),(697,9),(697,10),(697,11),(697,12),(697,13),(697,14),(697,21),(697,30),(697,37),(697,38),(697,39),(697,45),(697,50),(697,54),(697,55),(697,59),(697,62),(697,70),(697,74),(697,96),(697,114),(697,125),(697,138),(698,1),(699,1),(699,31),(700,1),(700,141),(701,1),(702,1),(703,1),(704,1),(704,5),(704,6),(704,22),(704,25),(704,34),(704,48),(704,66),(704,67),(704,122),(704,130),(704,139),(704,147),(704,148),(705,1),(706,1),(707,1),(707,88),(707,104),(708,1),(709,1),(710,1),(710,5),(710,6),(710,13),(710,15),(710,17),(710,22),(710,30),(710,32),(710,33),(710,49),(710,52),(710,69),(710,85),(710,132),(710,133),(710,134),(710,138),(711,1),(712,1),(712,7),(713,1),(714,1),(714,6),(714,124),(714,138),(714,144),(715,1),(716,1),(716,6),(716,37),(716,64),(716,72),(716,78),(716,89),(716,138),(717,1),(718,1),(719,1),(719,31),(720,1),(720,86),(720,103),(720,138),(721,1),(722,1),(723,1),(724,1),(724,4),(724,7),(724,12),(724,54),(724,57),(724,94),(725,1),(725,7),(725,60),(726,1),(727,1),(727,52),(728,1),(728,7),(729,1),(730,1),(730,127),(731,1),(732,1),(733,1),(733,62),(734,1),(735,1),(736,1),(736,138),(736,140),(737,1),(738,1),(738,5),(738,6),(738,22),(738,25),(738,28),(738,32),(738,42),(738,87),(738,91),(738,114),(738,116),(738,122),(738,123),(738,125),(738,126),(738,127),(738,129),(738,138),(739,1),(740,1),(741,1),(741,138),(741,144),(742,1),(743,1),(744,1),(744,90),(745,1),(746,1),(747,1),(747,35),(748,1),(748,52),(748,60),(749,1),(749,6),(749,138),(749,144),(750,1),(751,1),(752,1),(752,7),(753,1),(754,1),(754,5),(754,6),(754,65),(755,1),(755,88),(755,138),(756,1),(757,1),(757,41),(758,1),(758,6),(758,84),(758,138),(758,145),(759,1),(760,1),(760,6),(760,35),(760,124),(760,138),(760,139),(760,145),(761,1),(761,3),(761,5),(761,6),(761,9),(761,14),(761,15),(761,25),(761,37),(761,62),(761,69),(761,70),(761,113),(761,124),(761,138),(762,1),(762,138),(763,1),(764,1),(764,5),(764,6),(764,58),(764,105),(764,107),(764,114),(764,118),(764,119),(764,138),(764,139),(765,1),(765,31),(765,33),(766,1),(767,1),(768,1),(768,138),(769,1),(769,31),(769,90),(769,120),(770,1),(770,138),(771,1),(771,89),(772,1),(772,6),(772,86),(772,102),(772,103),(772,138),(772,144),(772,145),(773,1),(773,7),(774,1),(775,1),(776,1),(777,1),(777,7),(777,95),(778,1),(779,1),(779,44),(780,1),(781,1),(781,6),(781,138),(781,148),(782,1),(783,1),(784,1),(784,23),(785,1),(786,1),(786,6),(786,138),(786,139),(786,142),(787,1),(788,1),(789,1),(790,1),(791,1),(792,1),(793,1),(793,5),(793,6),(793,49),(793,52),(793,138),(794,1),(794,6),(794,23),(794,138),(795,1),(795,5),(795,6),(795,43),(795,73),(795,79),(795,88),(795,102),(795,107),(795,138),(795,139),(796,1),(796,4),(796,7),(796,18),(796,19),(796,26),(796,47),(796,53),(796,55),(796,59),(796,75),(797,1),(798,1),(799,1),(799,4),(799,7),(799,12),(799,26),(799,41),(799,47),(799,49),(799,54),(799,55),(799,56),(799,57),(799,58),(799,60),(799,93),(799,94),(799,95),(799,96),(799,110),(799,111),(799,114),(800,1),(801,1),(801,23),(801,34),(801,42),(801,127),(801,138),(802,1),(803,1),(804,1),(804,138),(804,141),(805,1),(806,1),(807,1),(808,1),(808,7),(808,30),(808,74),(809,1),(809,7),(809,30),(809,33),(809,41),(810,1),(811,1),(811,68),(812,1),(812,138),(813,1),(813,6),(813,24),(813,35),(813,64),(813,103),(813,106),(813,115),(813,118),(813,119),(813,133),(813,138),(814,1),(814,138),(815,1),(815,7),(816,1),(817,1),(817,5),(817,6),(817,23),(817,64),(817,84),(817,86),(817,87),(817,88),(817,89),(817,90),(817,91),(817,138),(818,1),(818,138),(818,145),(819,1),(820,1),(821,1),(822,1),(823,1),(823,138),(824,1),(825,1),(828,1);
/*!40000 ALTER TABLE `law_firm_law_firm_band` ENABLE KEYS */;
UNLOCK TABLES;

--
-- Table structure for table `training_seats`
--

DROP TABLE IF EXISTS `training_seats`;
/*!40101 SET @saved_cs_client     = @@character_set_client */;
/*!40101 SET character_set_client = utf8 */;
CREATE TABLE `training_seats` (
  `id` int(10) unsigned NOT NULL AUTO_INCREMENT,
  `name` varchar(255) COLLATE utf8_unicode_ci NOT NULL,
  `created_at` timestamp NULL DEFAULT NULL,
  `updated_at` timestamp NULL DEFAULT NULL,
  PRIMARY KEY (`id`)
) ENGINE=InnoDB AUTO_INCREMENT=74 DEFAULT CHARSET=utf8 COLLATE=utf8_unicode_ci;
/*!40101 SET character_set_client = @saved_cs_client */;

--
-- Dumping data for table `training_seats`
--

LOCK TABLES `training_seats` WRITE;
/*!40000 ALTER TABLE `training_seats` DISABLE KEYS */;
INSERT INTO `training_seats` VALUES (1,'Agriculture & Estates','2017-03-14 17:26:11','2017-03-14 17:26:11'),(2,'Arbitration','2017-03-14 17:26:11','2017-03-14 17:26:11'),(3,'Aviation Finance','2017-03-14 17:26:11','2017-03-14 17:26:11'),(4,'Aviation Litigation','2017-03-14 17:26:11','2017-03-14 17:26:11'),(5,'Banking & Finance','2017-03-14 17:26:11','2017-03-14 17:26:11'),(6,'Banking Litigation','2017-03-14 17:26:11','2017-03-14 17:26:11'),(7,'Capital Markets (Debt)','2017-03-14 17:26:11','2017-03-14 17:26:11'),(8,'Capital Markets (Equity)','2017-03-14 17:26:11','2017-03-14 17:26:11'),(9,'Charities','2017-03-14 17:26:11','2017-03-14 17:26:11'),(10,'Clinical Negligence','2017-03-14 17:26:11','2017-03-14 17:26:11'),(11,'Commercial','2017-03-14 17:26:11','2017-03-14 17:26:11'),(12,'Commercial Litigation','2017-03-14 17:26:11','2017-03-14 17:26:11'),(13,'Commercial Property','2017-03-14 17:26:11','2017-03-14 17:26:11'),(14,'Competition/Antitrust','2017-03-14 17:26:11','2017-03-14 17:26:11'),(15,'Construction','2017-03-14 17:26:11','2017-03-14 17:26:11'),(16,'Construction Litigation','2017-03-14 17:26:11','2017-03-14 17:26:11'),(17,'Corporate','2017-03-14 17:26:11','2017-03-14 17:26:11'),(18,'Corporate Tax','2017-03-14 17:26:11','2017-03-14 17:26:11'),(19,'Crime','2017-03-14 17:26:11','2017-03-14 17:26:11'),(20,'Data Protection','2017-03-14 17:26:11','2017-03-14 17:26:11'),(21,'Debt Recovery','2017-03-14 17:26:11','2017-03-14 17:26:11'),(22,'Defamation & Privacy','2017-03-14 17:26:11','2017-03-14 17:26:11'),(23,'Derivatives','2017-03-14 17:26:11','2017-03-14 17:26:11'),(24,'Education','2017-03-14 17:26:11','2017-03-14 17:26:11'),(25,'Employment (Employee)','2017-03-14 17:26:11','2017-03-14 17:26:11'),(26,'Employment (Employer)','2017-03-14 17:26:11','2017-03-14 17:26:11'),(27,'Energy','2017-03-14 17:26:11','2017-03-14 17:26:11'),(28,'Environment','2017-03-14 17:26:11','2017-03-14 17:26:11'),(29,'Family','2017-03-14 17:26:11','2017-03-14 17:26:11'),(30,'Financial Services','2017-03-14 17:26:11','2017-03-14 17:26:11'),(31,'Funds','2017-03-14 17:26:11','2017-03-14 17:26:11'),(32,'Gaming & Betting','2017-03-14 17:26:11','2017-03-14 17:26:11'),(33,'Health & Safety','2017-03-14 17:26:11','2017-03-14 17:26:11'),(34,'Healthcare','2017-03-14 17:26:11','2017-03-14 17:26:11'),(35,'Human Rights','2017-03-14 17:26:11','2017-03-14 17:26:11'),(36,'Immigration','2017-03-14 17:26:11','2017-03-14 17:26:11'),(37,'Immigration (Corporate)','2017-03-14 17:26:11','2017-03-14 17:26:11'),(38,'Insolvency','2017-03-14 17:26:11','2017-03-14 17:26:11'),(39,'Insurance','2017-03-14 17:26:11','2017-03-14 17:26:11'),(40,'Intellectual Property','2017-03-14 17:26:11','2017-03-14 17:26:11'),(41,'International Arbitration','2017-03-14 17:26:11','2017-03-14 17:26:11'),(42,'Islamic Finance','2017-03-14 17:26:11','2017-03-14 17:26:11'),(43,'IT & Telecoms','2017-03-14 17:26:11','2017-03-14 17:26:11'),(44,'Licensing','2017-03-14 17:26:11','2017-03-14 17:26:11'),(45,'Partnership','2017-03-14 17:26:11','2017-03-14 17:26:11'),(46,'Pensions & Benefits','2017-03-14 17:26:11','2017-03-14 17:26:11'),(47,'Personal Injury','2017-03-14 17:26:11','2017-03-14 17:26:11'),(48,'Planning','2017-03-14 17:26:11','2017-03-14 17:26:11'),(49,'Private Client (Tax & Trusts)','2017-03-14 17:26:11','2017-03-14 17:26:11'),(50,'Private Client (Wills & Probate)','2017-03-14 17:26:11','2017-03-14 17:26:11'),(51,'Private Equity','2017-03-14 17:26:11','2017-03-14 17:26:11'),(52,'Product Liability','2017-03-14 17:26:11','2017-03-14 17:26:11'),(53,'Professional Negligence','2017-03-14 17:26:11','2017-03-14 17:26:11'),(54,'Professional Risk','2017-03-14 17:26:11','2017-03-14 17:26:11'),(55,'Projects & Infrastructure','2017-03-14 17:26:11','2017-03-14 17:26:11'),(56,'Property Finance','2017-03-14 17:26:11','2017-03-14 17:26:11'),(57,'Property Litigation','2017-03-14 17:26:11','2017-03-14 17:26:11'),(58,'Public International Law','2017-03-14 17:26:11','2017-03-14 17:26:11'),(59,'Public Law/Public Sector','2017-03-14 17:26:11','2017-03-14 17:26:11'),(60,'Rail','2017-03-14 17:26:11','2017-03-14 17:26:11'),(61,'Regulatory','2017-03-14 17:26:11','2017-03-14 17:26:11'),(62,'Reinsurance','2017-03-14 17:26:11','2017-03-14 17:26:11'),(63,'Residential Property','2017-03-14 17:26:11','2017-03-14 17:26:11'),(64,'Restructuring','2017-03-14 17:26:11','2017-03-14 17:26:11'),(65,'Securitisation','2017-03-14 17:26:11','2017-03-14 17:26:11'),(66,'Ship Finance','2017-03-14 17:26:11','2017-03-14 17:26:11'),(67,'Shipping Litigation','2017-03-14 17:26:11','2017-03-14 17:26:11'),(68,'Social Housing','2017-03-14 17:26:11','2017-03-14 17:26:11'),(69,'Sport','2017-03-14 17:26:11','2017-03-14 17:26:11'),(70,'Technology & Media','2017-03-14 17:26:11','2017-03-14 17:26:11'),(71,'Trade Finance','2017-03-14 17:26:11','2017-03-14 17:26:11'),(72,'White-Collar Crime/Fraud','2017-03-14 17:26:11','2017-03-14 17:26:11'),(73,'Tax Litigation','2017-03-14 17:26:11','2017-03-14 17:26:11');
/*!40000 ALTER TABLE `training_seats` ENABLE KEYS */;
UNLOCK TABLES;
/*!40103 SET TIME_ZONE=@OLD_TIME_ZONE */;

/*!40101 SET SQL_MODE=@OLD_SQL_MODE */;
/*!40014 SET FOREIGN_KEY_CHECKS=@OLD_FOREIGN_KEY_CHECKS */;
/*!40014 SET UNIQUE_CHECKS=@OLD_UNIQUE_CHECKS */;
/*!40101 SET CHARACTER_SET_CLIENT=@OLD_CHARACTER_SET_CLIENT */;
/*!40101 SET CHARACTER_SET_RESULTS=@OLD_CHARACTER_SET_RESULTS */;
/*!40101 SET COLLATION_CONNECTION=@OLD_COLLATION_CONNECTION */;
/*!40111 SET SQL_NOTES=@OLD_SQL_NOTES */;

-- Dump completed on 2017-03-14 17:30:10
